Carlos,Arney,arne9348@umn.edu,A,001
Randall,Blackwell,blac0000@umn.edu,A,010
Ann,Gibson,gibs0123@umn.edu,B+,001
David,Woodhouse,wood1337@umn.edu,F,001
Michael,Smith,smit9001@umn.edu,D+,010
Mary,Rasmussen,rasm0042@umn.edu,A,001
